[
  {
    "producto": "Smartphone A",
    "mes": "Enero",
    "ventas": 120,
    "ingresos": 24000,
    "precio": 200
  },
  {
    "producto": "Smartphone B",
    "mes": "Enero",
    "ventas": 85,
    "ingresos": 17000,
    "precio": 200
  },
  {
    "producto": "Tablet X",
    "mes": "Enero",
    "ventas": 60,
    "ingresos": 18000,
    "precio": 300
  },
  {
    "producto": "Smartphone A",
    "mes": "Febrero",
    "ventas": 150,
    "ingresos": 30000,
    "precio": 200
  },
  {
    "producto": "Smartphone B",
    "mes": "Febrero",
    "ventas": 90,
    "ingresos": 18000,
    "precio": 200
  },
  {
    "producto": "Tablet X",
    "mes": "Febrero",
    "ventas": 70,
    "ingresos": 21000,
    "precio": 300
  },
  {
    "producto": "Smartphone A",
    "mes": "Marzo",
    "ventas": 160,
    "ingresos": 30700,
    "precio": 200
  },
  {
    "producto": "Smartphone B",
    "mes": "Marzo",
    "ventas": 100,
    "ingresos": 18700,
    "precio": 200
  },
  {
    "producto": "Tablet X",
    "mes": "Marzo",
    "ventas": 80,
    "ingresos": 21700,
    "precio": 300
  }
  ,
  {
    "producto": "Smartphone A",
    "mes": "Abril",
    "ventas": 160,
    "ingresos": 30700,
    "precio": 200
  },
  {
    "producto": "Smartphone B",
    "mes": "Abril",
    "ventas": 100,
    "ingresos": 18700,
    "precio": 200
  },
  {
    "producto": "Tablet X",
    "mes": "Abril",
    "ventas": 100,
    "ingresos": 22700,
    "precio": 300
  }
]
